Type,Name,Request Count,Failure Count,Median Response Time,Average Response Time,Min Response Time,Max Response Time,Average Content Size,Requests/s,Failures/s,50%,66%,75%,80%,90%,95%,98%,99%,99.9%,99.99%,100%
GET,/?p=1,668,0,68,64.88052036973897,36.239249999198364,168.1014169989794,348940.0,1.7166989053051729,0.0,68,74,76,77,80,83,87,93,170,170,170
GET,/?p=11,588,0,44,42.751691971137866,19.593667000663118,142.90312500088476,42942.0,1.5111062220350924,0.0,45,49,50,51,56,60,67,70,140,140,140
GET,/?p=31,628,0,45,42.46702500638389,19.22625000042899,142.28970800104435,42680.0,1.6139025636701325,0.0,45,49,50,51,55,59,62,66,140,140,140
,Aggregated,1884,0,49,50.502905621031736,19.22625000042899,168.1014169989794,151350.7728237792,4.841707691010398,0.0,49,53,59,66,75,78,83,87,160,170,170
