Type,Name,Request Count,Failure Count,Median Response Time,Average Response Time,Min Response Time,Max Response Time,Average Content Size,Requests/s,Failures/s,50%,66%,75%,80%,90%,95%,98%,99%,99.9%,99.99%,100%
GET,/?p=1,9747,0,48,73.42811603662733,33.70379199986928,5277.123334000862,348940.0,28.64105449907399,0.0,48,50,52,53,58,62,70,89,5100,5300,5300
GET,/?p=11,9528,0,30,52.74953192401766,17.41050000055111,5256.22229200053,42942.0,27.997534345662974,0.0,30,32,34,35,39,44,51,61,5100,5300,5300
GET,/?p=31,9465,0,30,59.26330540475466,16.984166999463923,5256.159708000268,42680.0,27.812412109750213,0.0,30,32,33,35,39,43,51,64,5100,5300,5300
,Aggregated,28740,0,34,61.90774435758699,16.984166999463923,5277.123334000862,146633.11607515658,84.45100095448718,0.0,34,42,46,47,52,56,64,77,5100,5300,5300
