Type,Name,Request Count,Failure Count,Median Response Time,Average Response Time,Min Response Time,Max Response Time,Average Content Size,Requests/s,Failures/s,50%,66%,75%,80%,90%,95%,98%,99%,99.9%,99.99%,100%
GET,/?p=1,11477,1016,1100.0,1435.141383882882,22.50425000238465,10354.227791001904,318284.36664633616,33.53597236551599,2.9687677897851565,1100,1800,2200,2500,3200,4000,5300,6600,8600,10000,10000
GET,/?p=11,11412,977,970.0,1386.30103084642,15.439375005371403,9772.925417004444,39492.19348054679,33.34604135534272,2.8548091836811986,970,1800,2200,2400,3100,3900,5200,6400,8600,9400,9800
GET,/?p=31,11275,980,1100.0,1420.3959778162466,19.046749999688473,12845.274207997136,39200.32638580931,32.94572522620831,2.8635752303045803,1100,1800,2200,2500,3200,4000,5300,6500,8900,11000,13000
,Aggregated,34164,2973,1000.0,1413.9605923405218,15.439375005371403,12845.274207997136,133052.8705069664,99.82773894706702,8.687152203770935,1000,1800,2200,2500,3200,3900,5300,6500,8700,10000,13000
