Type,Name,Request Count,Failure Count,Median Response Time,Average Response Time,Min Response Time,Max Response Time,Average Content Size,Requests/s,Failures/s,50%,66%,75%,80%,90%,95%,98%,99%,99.9%,99.99%,100%
GET,/?p=1,3128,0,47,48.96427461829712,33.974582998780534,241.38024999956542,348940.0,8.406506462759992,0.0,47,50,52,54,59,65,77,85,230,240,240
GET,/?p=11,2996,0,29,30.361274151886505,17.624957999942126,220.43370899882575,42942.0,8.051756190034826,0.0,29,32,34,35,40,45,54,61,210,220,220
GET,/?p=31,2986,0,28,29.756189731087016,17.46474999890779,198.3940829995845,42680.0,8.02488116937383,0.0,28,31,33,34,39,45,53,64,170,200,200
,Aggregated,9110,0,33,36.55045125160384,17.46474999890779,241.38024999956542,147923.27464324917,24.48314382216865,0.0,33,40,44,47,53,58,67,78,210,240,240
