Type,Name,Request Count,Failure Count,Median Response Time,Average Response Time,Min Response Time,Max Response Time,Average Content Size,Requests/s,Failures/s,50%,66%,75%,80%,90%,95%,98%,99%,99.9%,99.99%,100%
GET,/?p=1,538,0,66,62.815342369901195,33.3194579998235,122.91424999966694,348940.0,1.5929923031015516,0.0,66,72,73,74,76,79,81,83,120,120,120
GET,/?p=11,573,0,45,41.25866007156184,17.80966700061981,112.77262499970675,42942.0,1.69662563137024,0.0,45,47,48,48,51,53,56,59,110,110,110
GET,/?p=31,527,0,43,40.220148476284685,18.241290999867488,106.49241600003734,42680.0,1.5604218285028209,0.0,43,46,47,47,50,52,55,75,110,110,110
,Aggregated,1638,0,47,48.0048135915835,17.80966700061981,122.91424999966694,143362.54334554335,4.850039762974612,0.0,47,49,54,60,73,75,79,81,120,120,120
