Type,Name,Request Count,Failure Count,Median Response Time,Average Response Time,Min Response Time,Max Response Time,Average Content Size,Requests/s,Failures/s,50%,66%,75%,80%,90%,95%,98%,99%,99.9%,99.99%,100%
GET,/?p=1,10571,0,46,62.682325633053935,33.16245799942408,7418.316125000274,348940.0,28.293571600523435,0.0,46,48,50,51,54,58,66,76,6400,7400,7400
GET,/?p=11,10460,0,28,50.03141253719001,16.88904200000252,7376.814457999899,42942.0,27.996477054344446,0.0,28,30,32,33,36,40,47,59,6400,7400,7400
GET,/?p=31,10529,0,28,47.94595456396832,16.70383300006506,7414.3610830005855,42680.0,28.181157447915172,0.0,28,30,32,33,36,40,48,60,6400,7400,7400
,Aggregated,31560,0,32,53.573079689798945,16.70383300006506,7418.316125000274,145348.40874524714,84.47120610278306,0.0,32,40,43,45,49,53,60,69,6400,7400,7400
