Type,Name,Request Count,Failure Count,Median Response Time,Average Response Time,Min Response Time,Max Response Time,Average Content Size,Requests/s,Failures/s,50%,66%,75%,80%,90%,95%,98%,99%,99.9%,99.99%,100%
GET,/?p=1,20673,0,280.0,345.5389857209799,33.93158300605137,7961.233958005323,348940.0,49.018795255154714,0.0,280,380,450,500,630,750,920,1100,5600,7900,8000
GET,/?p=11,20952,0,240.0,301.2558715856936,18.787249995511957,7072.950457994011,42942.0,49.68034625772754,0.0,240,340,410,450,570,690,840,1000,5500,7000,7100
GET,/?p=31,20766,0,230.0,303.4120763012417,18.167583999456838,7979.516540995974,42680.0,49.23931225601232,0.0,230,340,410,450,580,690,860,1000,5500,7900,8000
,Aggregated,62391,0,250.0,316.6465620000435,18.167583999456838,7979.516540995974,144245.96951483388,147.9384537688946,0.0,250,360,420,470,590,710,880,1100,5600,7900,8000
