Type,Name,Request Count,Failure Count,Median Response Time,Average Response Time,Min Response Time,Max Response Time,Average Content Size,Requests/s,Failures/s,50%,66%,75%,80%,90%,95%,98%,99%,99.9%,99.99%,100%
GET,/?p=1,3435,0,45,47.19556087947354,32.959333000690094,208.57216700005665,348940.0,8.039860914475572,0.0,45,48,50,52,58,63,73,80,190,210,210
GET,/?p=11,3531,0,27,28.431059799782023,17.13116600058129,189.40308400033246,42942.0,8.264555717325544,0.0,27,30,32,33,37,41,48,53,170,190,190
GET,/?p=31,3542,0,26,28.06449215132889,16.615209000519826,172.71529200024816,42680.0,8.29030199681877,0.0,26,29,31,33,37,41,47,55,160,170,170
,Aggregated,10508,0,31,34.44149742805757,16.615209000519826,208.57216700005665,142882.53349828703,24.594718628619884,0.0,31,38,42,44,50,55,63,73,180,210,210
