Type,Name,Request Count,Failure Count,Median Response Time,Average Response Time,Min Response Time,Max Response Time,Average Content Size,Requests/s,Failures/s,50%,66%,75%,80%,90%,95%,98%,99%,99.9%,99.99%,100%
GET,/?p=1,591,0,70,64.68418415057668,34.207749999950465,137.53087500026595,348940.0,1.6692187645581393,0.0,70,74,75,75,79,82,85,88,140,140,140
GET,/?p=11,561,0,44,41.16532375935294,18.63120800044271,126.87454099977913,42942.0,1.5844868475754925,0.0,44,48,48,49,52,58,61,64,130,130,130
GET,/?p=31,591,0,43,40.433032226765334,17.962458000511106,125.24333300007129,42680.0,1.6692187645581393,0.0,43,47,48,48,50,55,59,63,130,130,130
,Aggregated,1743,0,47,48.89157860470807,17.962458000511106,137.53087500026595,146608.0791738382,4.922924376691771,0.0,47,51,58,65,74,77,82,85,130,140,140
