Type,Name,Request Count,Failure Count,Median Response Time,Average Response Time,Min Response Time,Max Response Time,Average Content Size,Requests/s,Failures/s,50%,66%,75%,80%,90%,95%,98%,99%,99.9%,99.99%,100%
GET,/?p=1,8314,0,47,75.89998186877537,33.434709000175644,6195.2960420003365,348940.0,27.812127373246597,0.0,47,49,51,52,56,61,70,95,5200,6200,6200
GET,/?p=11,8381,0,29,60.24729014651715,17.208874999596446,6105.362250000326,42942.0,28.036256857731505,0.0,29,31,33,34,38,42,53,99,5700,6100,6100
GET,/?p=31,8349,0,29,50.518869271411226,16.73395800025901,6160.485083000822,42680.0,27.929209939768565,0.0,29,31,32,33,37,41,50,73,5200,6200,6200
,Aggregated,25044,0,32,62.200408382126454,16.73395800025901,6195.2960420003365,144438.5634084012,83.77759417074667,0.0,32,41,45,46,51,55,64,88,5500,6100,6200
