Type,Name,Request Count,Failure Count,Median Response Time,Average Response Time,Min Response Time,Max Response Time,Average Content Size,Requests/s,Failures/s,50%,66%,75%,80%,90%,95%,98%,99%,99.9%,99.99%,100%
GET,/?p=1,16650,28,420.0,656.5402864953198,17.440083000110462,9344.267291999131,348357.6437237237,43.88925329143468,0.07380775328289316,420,630,810,930,1300,1800,2700,5400,6800,7900,9300
GET,/?p=11,16450,33,370.0,607.432799285946,15.497708001930732,8580.761166995217,42861.163039513674,43.36205505369973,0.08698770922626693,370,570,740,870,1300,1700,2600,5300,6500,8400,8600
GET,/?p=31,16425,34,370.0,593.1357303915562,17.305209003097843,7813.718584002345,42597.12901065449,43.296155273982855,0.08962370041494168,370,580,740,860,1300,1700,2400,5100,6400,7300,7800
,Aggregated,49525,95,390.0,619.2008014150891,15.497708001930732,9344.267291999131,145479.63137809187,130.54746361911725,0.25041916292410177,390,590,760,890,1300,1700,2600,5200,6500,7900,9300
