Type,Name,Request Count,Failure Count,Median Response Time,Average Response Time,Min Response Time,Max Response Time,Average Content Size,Requests/s,Failures/s,50%,66%,75%,80%,90%,95%,98%,99%,99.9%,99.99%,100%
GET,/?p=1,2728,0,45,47.5143487899503,33.307582999441365,342.1575840002333,348940.0,8.03240360676268,0.0,45,48,50,52,57,64,73,79,320,340,340
GET,/?p=11,2814,0,27,28.659583173753315,17.256916999940586,326.6280409998217,42942.0,8.285624541579978,0.0,27,29,31,32,36,41,50,54,300,330,330
GET,/?p=31,2745,0,26,28.042056339887928,16.849833000378567,330.32025000011345,42680.0,8.082458907831215,0.0,26,29,30,32,35,40,48,55,310,330,330
,Aggregated,8287,0,31,34.66183844611051,16.849833000378567,342.1575840002333,143586.7874984916,24.400487056173873,0.0,31,38,42,44,50,55,64,75,310,340,340
