Type,Name,Request Count,Failure Count,Median Response Time,Average Response Time,Min Response Time,Max Response Time,Average Content Size,Requests/s,Failures/s,50%,66%,75%,80%,90%,95%,98%,99%,99.9%,99.99%,100%
GET,/?p=1,508,0,67,62.956933836584376,35.436542000752524,92.26204100014002,348940.0,1.633778863619973,0.0,67,73,74,75,77,79,82,83,92,92,92
GET,/?p=11,529,0,44,41.0671275784582,17.844332998720347,88.14095800153154,42942.0,1.7013169662499326,0.0,44,48,49,49,52,56,61,75,88,88,88
GET,/?p=31,487,0,44,40.95387621560856,19.0299160003633,80.11237500068091,42680.0,1.5662407609900135,0.0,44,47,48,49,51,55,61,63,80,80,80
,Aggregated,1524,0,48,48.327539760492535,17.844332998720347,92.26204100014002,144857.61023622047,4.901336590859919,0.0,48,50,56,62,74,75,79,81,91,92,92
