Type,Name,Request Count,Failure Count,Median Response Time,Average Response Time,Min Response Time,Max Response Time,Average Content Size,Requests/s,Failures/s,50%,66%,75%,80%,90%,95%,98%,99%,99.9%,99.99%,100%
GET,/?p=1,8494,0,48,76.83507265987942,33.59520799949678,5883.391791999202,348940.0,27.93276975953335,0.0,48,50,52,53,57,63,73,95,5300,5900,5900
GET,/?p=11,8529,0,30,50.680244464654784,17.313084000306844,5359.919334000551,42942.0,28.047868292801972,0.0,30,32,34,35,39,44,55,73,5100,5400,5400
GET,/?p=31,8599,0,29,57.09094009361775,17.007000000376138,5893.222624999908,42680.0,28.278065359339212,0.0,29,31,33,34,39,44,55,80,5100,5900,5900
,Aggregated,25622,0,33,61.502377100814165,17.007000000376138,5893.222624999908,144296.0736086176,84.25870341167453,0.0,33,42,46,47,52,57,66,85,5100,5400,5900
