Type,Name,Request Count,Failure Count,Median Response Time,Average Response Time,Min Response Time,Max Response Time,Average Content Size,Requests/s,Failures/s,50%,66%,75%,80%,90%,95%,98%,99%,99.9%,99.99%,100%
GET,/?p=1,2919,0,46,47.61872393697763,33.381083001586376,252.81837500006077,348940.0,7.991378973101783,0.0,46,48,51,52,57,64,74,80,250,250,250
GET,/?p=11,3079,0,27,28.620937411200238,17.298042001129943,186.26412499997969,42942.0,8.429412764022059,0.0,27,30,31,33,37,42,49,55,170,190,190
GET,/?p=31,3010,0,26,28.04944949070207,17.066499999600637,231.8738330004635,42680.0,8.24051069168769,0.0,26,29,31,32,36,41,49,55,190,230,230
,Aggregated,9008,0,31,34.58611949690675,17.066499999600637,252.81837500006077,142011.66496447602,24.66130242881153,0.0,31,38,42,45,50,55,64,73,210,250,250
