Type,Name,Request Count,Failure Count,Median Response Time,Average Response Time,Min Response Time,Max Response Time,Average Content Size,Requests/s,Failures/s,50%,66%,75%,80%,90%,95%,98%,99%,99.9%,99.99%,100%
GET,/?p=1,18010,0,320.0,450.1373139569117,36.26899999653688,7096.176750004815,348940.0,47.404390877065154,0.0,320,430,520,580,780,1000,1600,5300,5900,6600,7100
GET,/?p=11,17852,0,280.0,407.6508802500199,18.15020800131606,6822.193624997453,42942.0,46.98851670945959,0.0,280,390,470,530,730,960,1400,5200,5800,6500,6800
GET,/?p=31,18033,0,280.0,412.0524180539459,18.67258299898822,6414.806624998164,42680.0,47.4649295217166,0.0,280,390,480,540,740,980,1400,5200,5800,6300,6400
,Aggregated,53895,0,290.0,423.3212319019243,18.15020800131606,7096.176750004815,145109.16456071992,141.85783710824134,0.0,290,400,490,550,750,980,1500,5200,5800,6400,7100
